model_name,p,d,q,mae,mape,rmse,year
"Arima2022Q1(1,0,4)",1,0,4,10.095066731372768,0.07139860483764413,10.188552886130324,2022Q1
